"productName","starTechPrice","ryansPrice","priceDifference"
"Lenovo IdeaPad 3 15ALC6 AMD Ryzen 7 5700U 156 FHD Laptop","80500","79900",600
"Lenovo IdeaPad Slim 3i 15IGL Intel Celeron N4020 156 HD Laptop","36000","35500",500
"Lenovo IdeaPad Slim 3i Intel Celeron N4020 156 FHD Laptop","36000","35500",500
"Walton Tamarind MX311G Core i3 11th Gen 14 FHD Laptop","57500","55000",2500
"Dell Latitude 3520 Core i5 11th Gen 512GB SSD 156 HD Laptop","76000","73500",2500
"Dell Vostro 14 3400 Core i7 11th Gen MX330 2GB Graphics 14 FHD Laptop With Backlit Keyboard","85000","83000",2000
"ASUS VivoBook 15 X1502ZA Core i3 12th Gen 8GB RAM 156 FHD Laptop","65500","63900",1600
"HUAWEI MateBook B3-520 Core i3 11th Gen 156 FHD Laptop","59850 63999","59800 63999",50
"Avita Liber V14 Core i5 11th Gen 14 FHD Laptop Flowers on Yellow","71990","71500",490
"Realme Book Core i5 11th Gen 14 2k UHD Laptop","73300","71500",1800
"HP ProBook 440 G9 Core i5 12th Gen 14 FHD Laptop With Windows 11","91000","89000",2000
"Acer Aspire 7 A715-51G Core i5 12th Gen GTX 1650 4GB Graphics 156 FHD Gaming Laptop","98000","95500",2500
"Asus VivoBook 15 K513EQ Core i5 11th Gen 156 OLED FHD Laptop","102000","99500",2500
"Asus VivoBook 15 S513EQ Core i5 11th Gen 8GB RAM 156 OLED FHD Laptop","101000","99500",1500
"ASUS VivoBook 15X X1503ZA-L1277W Core i5 12th Gen 156 FHD OLED Laptop","98990","98000",990
"Asus ZenBook 14 OLED UM3402YA Ryzen 5 5625U 14 WQHD Laptop","129500","129000",500
"HP 240 G8 Core i3 11th Gen 14 FHD Laptop","59000","58500",500
"Asus ExpertBook B3 Flip B3402FEA Core i7 16gb Ram 14-inch 360° FHD Touch Laptop","115000","113000",2000


"name","price"
"Acer TravelMate TMB 311-31-C3CD Celeron N4020 116 HD Laptop","34500"
"Asus P1511CMA Intel Celeron N4020 156-Inch HD Laptop","37500"
"Asus VivoBook 14 X415EA Core i3 11th Gen 14 FHD Laptop","56000"
"ASUS VivoBook 15 X515EA Core i5 11th Gen 512GB SSD 156 FHD Laptop","76500"
"Asus Vivobook E210MA Celeron N4020 116 HD Laptop","37000"
"Asus Vivobook E410MA Celeron N4020 14 HD Laptop","45000"
"DOEL Freedom A9 AMD A9-9425 141 HD Laptop","26999 29999"
"HP 15s-fq3617TU Celeron N4500 156 FHD Laptop","43500"
"Lenovo IdeaPad 3 15ALC6 AMD Ryzen 7 5700U 156 FHD Laptop","80500"
"Lenovo IdeaPad D330 10IGL Intel CDC N4020 101 HD Touch Laptop","35800"
"Lenovo IdeaPad Slim 3i 15IGL Intel Celeron N4020 156 HD Laptop","36000"
"Lenovo IdeaPad Slim 3i Intel Celeron N4020 156 FHD Laptop","36000"
"Lenovo IdeaPad Slim 3i Intel Celeron N4020 156 HD Laptop","35500"
"Lenovo IdeaPad Slim 3i Intel Celeron N4020 256GB SSD 156 HD Laptop","35500"
"Toshiba Dynabook Satellite Pro C40-G-109 Celeron 5205U 14 HD Laptop","29600"
"Toshiba Dynabook Satellite Pro C40-G-11I Core i3 10th Gen 14 HD Laptop","45000"
"Toshiba Dynabook Satellite Pro C40-G-13F Celeron 5205U 14 HD Laptop","31000"
"Walton Prelude N40 Pro Celeron N4020 14 FHD Laptop","39750"
"Walton Prelude N41 Pro Celeron N4120 14 FHD Laptop","42550"
"Walton Prelude N50 Pro Pentium Silver N5030 14 FHD Laptop","43750"
"Acer Aspire 3 A315-24P Ryzen 3 7320U 156 FHD Laptop","51400"
"Acer Extensa 15 EX215-54-34SE Core i3 11th Gen 156 FHD Laptop","46500"
"Acer Extensa 15 EX215-54-37AH Core i3 11th Gen 156 FHD Laptop","45200"
"Acer TravelMate TMP214-54 Core i3 12th Gen 14 HD Laptop","TBA"
"Acer TravelMate TMP214-54 Core i5 12th Gen 14 FHD Laptop","TBA"
"Acer TravelMate TMP214-54 Core i7 12th Gen 14 FHD Laptop","TBA"
"Acer TravelMate TMP215-53 Core i3 11th Gen 156 FHD Laptop","50500"
"Acer TravelMate TMP215-53 Core i3 11th Gen 1TB HDD 156 FHD Laptop","TBA"
"Asus ExpertBook BR1100FKA Celeron N4500 116 360° HD LED Touch Education Laptop","47500"
"ASUS VivoBook 14 K413EA Core i5 11th Gen 14 FHD Laptop with Windows 11","78000"
"Asus VivoBook 15 E510MA Intel Celeron N4020 156 FHD Laptop","47000"
"ASUS VivoBook 15 M515DA Ryzen 3 3250U 156 HD Laptop","50500"
"ASUS VivoBook 15 X515EA Core i3 11th Gen 156 FHD Laptop","51900"
"ASUS VivoBook 15 X515EA Core i3 11th Gen 156 FHD WV Laptop","51900"
"ASUS VivoBook 15 X515JA Core i3 10th Gen 512GB SSD 156 FHD Laptop","51500"
"DOEL T10 Core i3 10th Gen 14 FHD Laptop","49499"
"HP 15s-eq1578AU AMD Athlon 3050U 156 FHD Laptop","48900"
"Lenovo IdeaPad 1 15ADA7 AMD Ryzen 3 3250U 156 FHD Laptop","49900"
"Lenovo IdeaPad Slim 3i 11th Gen Core i3 256GB SSD 156 Full HD Laptop with Windows 11","51400"
"Walton Passion BX310U Core i3 10th Gen 156 FHD Laptop","49850"
"Acer Extensa 15 EX215-23 AMD Ryzen 3 7320U 156 Laptop","53500"
"ASUS VivoBook 15 D515DA Ryzen 3 3250U 156 FHD Laptop","55500"
"ASUS VivoBook 15 D515DA Ryzen 3 3250U 156 FHD Laptop with Windows 11","55000"
"ASUS VivoBook 15 X515EA Core i3 11th Gen 512GB SSD 156 FHD Laptop","56800"
"Dell Inspiron 15 3520 Core i3 12th Gen 156 FHD Laptop","64500"
"Dell Inspiron 15 3525 Ryzen 3 5425U 156 FHD Laptop","58900"
"Dell Inspiron 15 3525 Ryzen 5 5625U 156 FHD Laptop","71500"
"Dell Latitude 3520 Core i3 11th Gen 156 HD Laptop","56500"
"HP 15s-eq2618AU Ryzen 3 5300U 156 HD Laptop","55500"
"Lenovo IdeaPad Slim 1 15AMN7 Ryzen 3 7320U 156 FHD Laptop","53000"
"Lenovo IdeaPad Slim 3i 11th Gen Core i3 8GB RAM 14 FHD Laptop with Windows 11","56900"
"Lenovo IdeaPad Slim 3i 14IAU7 Core i3 12th Gen 14 FHD Laptop","56500"
"Lenovo IdeaPad Slim 3i 14IAU7 Core i3 12th Gen 14 FHD Laptop Abyss Blue","56500"
"Lenovo IdeaPad Slim 3i 14IAU7 Core i3 12th Gen 14 FHD Laptop Misty Blue","56500"
"Lenovo IdeaPad Slim 3i 14ITL6 Core i3 11th Gen 512GB SSD 14 FHD Laptop","57500"
"Lenovo IdeaPad Slim 3i Core i3 11th Gen 14 FHD Laptop Abyss Blue","55500"
"Lenovo IdeaPad Slim 3i Core i3 11th Gen 4GB RAM 156 FHD Laptop","52900"
"Lenovo IdeaPad Slim 3i Core i3 11th Gen 512GB SSD 156 FHD Laptop","53500"
"Lenovo V14 Core i3 11th Gen 256GB SSD 14 FHD Laptop","53500 55500"
"Walton Tamarind MX311G Core i3 11th Gen 14 FHD Laptop","57500"
"Acer A315-59-390P Core i3 12th Gen 156 FHD Laptop","58000"
"Acer Aspire 3 A315-510P Core i3-N305 156 FHD Laptop","58900"
"Acer Aspire 3 A315-59 Core i3 12th Gen 156 FHD Laptop","58000"
"Acer Aspire 3 A315-59-34TO Core i3 12th Gen 156 FHD Laptop","58000"
"Acer Aspire 3 A315-59-39P4 Core i3 12th Gen 156 FHD Laptop","58000"
"Acer TravelMate TMP214-53 Core i3 11th Gen 8GB RAM 14 FHD Laptop","60000"
"ASUS VivoBook 15 X515EA Core i3 11th Gen 8GB RAM 512GB SSD 156 FHD Laptop","59500"
"ASUS VivoBook 15 X515JA Core i5 10th Gen 156 FHD Laptop","60000"
"Dell Inspiron 15 3520 Core i5 12th Gen 156 FHD Laptop","81500"
"Dell Inspiron 15 3520 Core i5 12th Gen MX550 2GB Graphics 156 FHD Laptop","TBA"
"Dell Inspiron 15 3520 Core i7 12th Gen 156 FHD Laptop","97000"
"Dell Latitude 14 3420 Core i7 11th Gen 14 FHD Laptop","90500"
"Dell Latitude 14 5420 Core i5 11th Gen 14 Full HD Laptop","TBA"
"Dell Latitude 3420 Core i5 11th Gen 14 FHD Laptop","76000"
"Dell Latitude 3420 Core i7 11th Gen MX350 2GB Graphics 14 FHD Laptop","92500"
"Dell Latitude 3520 Core i5 11th Gen 512GB SSD 156 HD Laptop","76000"
"Dell Latitude 3520 Core i5 11th Gen MX550 2GB Graphics 156 FHD Laptop","78500"
"Dell Vostro 14 3400 Core i7 11th Gen MX330 2GB Graphics 14 FHD Laptop With Backlit Keyboard","85000"
"HP 15s-fq5487TU Core i3 12th Gen 156 FHD Laptop","59500"
"Lenovo IdeaPad Slim 3i 14ITL6 Core i3 11th Gen 512GB SSD 14 FHD Laptop","57500"
"Acer Aspire 3 A315-24P Ryzen 5 7520U 156 FHD Laptop","62000"
"Acer Aspire 5 5P-A515-58P Core i3 13th Gen 156 FHD Laptop","63500"
"Asus ExpertBook B1 B1500CEAE Core i3 11th Gen 1TB HDD 156 FHD Laptop","58000 61000"
"ASUS VivoBook 15 X1500EA Core i3 11th Gen 156 FHD Laptop","62800"
"ASUS VivoBook 15 X1500EA Core i3 11th Gen 512GB SSD 156 FHD Laptop","62800"
"ASUS VivoBook 15 X1502ZA Core i3 12th Gen 256GB SSD 156 FHD Laptop","63900"
"ASUS VivoBook 15 X515JA Core i5 10th Gen 8GB RAM 156 FHD Laptop","63000"
"Dell Inspiron 14 7420 2 in 1 Intel Core i7 12th Gen MX550 2GB Graphics 14 360° FHD Touch Laptop","TBA"
"Dell Inspiron 15 3510 Intel Celeron N4020 156 HD Laptop","TBA"
"Dell Inspiron 15 3510 Intel Pentium Silver N5030 156 HD Laptop","TBA"
"Dell Inspiron 15 3511 Core i5 11th Gen 512GB SSD 156 FHD Laptop","TBA"
"Dell Latitude 14 3420 Core i3 11th Gen 14 HD Laptop","TBA"
"Dell Latitude 15-3520 Core i3 1115G4 156 HD Laptop","TBA"
"Dell Latitude 3430 Core i5 12th Gen 14 FHD Laptop","TBA"
"Dell Vostro 14 3400 Core i3 11th Gen 14 HD Laptop","TBA"
"Dell Vostro 14 3405 Ryzen 3 3250U 14 FHD Laptop with Windows 10","TBA"
"Dell Vostro 15 3500 Core i3 11th Gen 156 FHD Laptop with 3 Years Warranty","TBA"
"Huawei MateBook D15 Core i3 11th Gen 156 FHD Laptop","60500 63999"
"Lenovo IdeaPad 1 15AMN7 AMD Ryzen 5 156 FHD Laptop with DDR5 RAM","60500"
"Lenovo IdeaPad Slim 3i Core i3 11th Gen 512GB SSD 14 FHD Laptop","61000"
"Acer Extensa 15 EX215-54-57SB Core i5 11th Gen 156 FHD Laptop","64000"
"ASUS VivoBook 15 X1502ZA Core i3 12th Gen 8GB RAM 156 FHD Laptop","65500"
"ASUS VivoBook 15 X515JA Core i5 10th Gen 156 FHD Laptop with 256GB SSD+1TB HDD","59500 65000"
"Dell Inspiron 14 7420 2 in 1 Intel Core i5 12th Gen 14 360° FHD Touch Laptop","TBA"
"Dell Inspiron 15 3511 Core i5 11th Gen 512GB SSD MX350 2GB Graphics with Fingerprint","TBA"
"Dell Inspiron 15 3525 Ryzen 7 5825U 156 FHD Laptop","TBA"
"Dell Inspiron 16 5620 Core i7 12th Gen 16 FHD+ Laptop","TBA"
"Dell Latitude 14 3420 Core i3 11th Gen 14 FHD Laptop","TBA"
"Dell Latitude 14 3420 Core i5 11th Gen 14 HD Laptop","TBA"
"Dell Latitude 14 3420 Core i5 11th Gen 512GB SSD 14 HD Laptop","TBA"
"Dell Latitude 14 3420 Core i7 11th Gen MX350 2GB Graphics 14 FHD Laptop","TBA"
"Dell Latitude 5320 Core i7 11th Gen 133 FHD Laptop","TBA"
"Dell Vostro 14 3400 Core i5 11th Gen 8GB RAM 14 FHD Laptop","TBA"
"Dell Vostro 15 3510 Core i5 11th Gen MX350 2GB Graphics 156 FHD Laptop","TBA"
"Dell XPS 13 9310 Core i5 11th Gen 512GB SSD 134 Full HD Laptop","TBA"
"HP 15s-fq5786TU Core i3 12th Gen 156 FHD Laptop","64700"
"HUAWEI MateBook B3-520 Core i3 11th Gen 156 FHD Laptop","59850 63999"
"Lenovo IdeaPad 1 15AMN7 AMD Ryzen 5 512GB SSD 156 FHD Laptop with DDR5 RAM","65000"
"Lenovo IdeaPad Slim 3i 15IAU7 Core i3 12th Gen 156 FHD Laptop","64000"
"Walton Passion BX510U Core i5 10th Gen 156 FHD Laptop","64550"
"ASUS VivoBook 14 X1402ZA Core i3 12th Gen 14 FHD Laptop","69000"
"ASUS VivoBook 15 X1502ZA Core i3 12th Gen 156 FHD Laptop","69800"
"ASUS Vivobook 15 X1504VA-NJ260W Core i3 13th Gen 156 FHD Laptop","70800"
"ASUS VivoBook 15 X515EA Core i5 11th Gen 156 FHD Laptop","68500"
"Asus Vivobook S15 S513EA Core i3 11th Gen 156 OLED FHD Laptop","69800"
"Asus Vivobook S15 S513EA Core i3 11th Gen 4GB RAM 156 OLED FHD Laptop","66000"
"Avita Liber V14 Core i5 11th Gen 14 FHD Laptop Anchor Grey","70950"
"Avita Liber V14 Core i5 11th Gen 14 FHD Laptop Aqua Blue","70950"
"Avita Liber V14 Core i5 11th Gen 14 FHD Laptop Infinite Black","70950"
"Avita Liber V14 Core i5 11th Gen 14 FHD Laptop Soft Lavender","70950"
"Avita Liber V14 Core i5 11th Gen 14 FHD Laptop Star Silver","70950"
"Dell Latitude 9430 2-in-1 Core i7 12th Gen 14 QHD+ Touch Laptop","TBA"
"Dell XPS 13 9315 Intel Core i7 12th Gen 134 FHD Touch Laptop","TBA"
"Dell XPS 13 Plus 9320 Intel Core i7 12th Gen 134 35K OLED Touch Laptop","TBA"
"Dell XPS 15 9510 Core i7 11th Gen RTX 3050 Ti 4GB Graphics 156 FHD Laptop","TBA"
"Dell XPS 15 9520 Core i9 12th Gen RTX 3050 Ti 4GB Graphics 156 OLED 35K Touch Laptop","TBA"
"Dell XPS 15 9520 Core i9 12th Gen RTX 3050 Ti 4GB Graphics 32GB RAM 156 OLED 35K Touch Laptop","TBA"
"Dell XPS 17 9720 Core i7 12th Gen RTX 3060 6GB Graphics 17 UHD Touch Laptop","TBA"
"Lenovo IdeaPad Slim 3i 14IRU8 Core i3 13th Gen 14 FHD Laptop","70500"
"Lenovo K14 Core i3 11th Gen 14 FHD Business Series Laptop","66500"
"Acer Aspire 3 A315-59-5031 Core i5 12th Gen 156 FHD Laptop","74000"
"Acer Aspire 3 A315-59-50J9 Core i5 12th Gen 156 FHD Laptop","74000"
"Acer Aspire 3 A315-59-57VA Core i5 12th Gen 156 FHD Laptop","74000"
"ASUS VivoBook 14 X1402ZA Core i3 12th Gen 8GB RAM 14 FHD Laptop","71500"
"ASUS Vivobook 15 M1502IA-EJ388W Ryzen 5 4600H 156 FHD Laptop","71000"
"ASUS VivoBook X1402ZA-EB636W Core i3 12th Gen 14 FHD Laptop","71500"
"Avita Liber V14 Core i5 11th Gen 14 FHD Laptop Flowers on Yellow","71990"
"Avita Liber V14 Core i5 11th Gen 14 FHD Laptop Golden Matt Black","70950"
"Avita Liber V14 Core i5 11th Gen 14 FHD Laptop Iris on Ruby","71990"
"Avita Liber V14 Core i5 11th Gen 14 FHD Laptop Paisley on Lilac","71990"
"Avita Liber V14 Core i5 11th Gen 14 FHD Laptop Snowflakes on Azure Blue","71990"
"Avita Liber V14 Core i5 11th Gen 14 FHD Laptop Snowflakes on Mountain Blue","71990"
"HP 15s-eq3619AU Ryzen 5 5625U 156 FHD Laptop","73200"
"HP 15s-fq4786TU Core i5 11th Gen 156 FHD Laptop","71300"
"Lenovo IdeaPad Slim 3i 11th Gen Core i5 156 FHD IPS Display Laptop","74500"
"Lenovo IdeaPad Slim 3i 15ITL6 Core i5 11th Gen 156 FHD Laptop","73500"
"Lenovo IdeaPad Slim 3i Core i5 11th Gen 156 FHD Laptop","74000"
"Realme Book Core i5 11th Gen 14 2k UHD Laptop","73300"
"Realme Book Prime Core i5 11th Gen 14 2K UHD Laptop","74000"
"Walton Tamarind MX511G Core i5 11th Gen 14 FHD Laptop","74500"
"Acer Aspire 3 A315-59 Core i5 12th Gen 156 FHD Laptop","76500"
"Acer Extensa 14 EX214-53-543W Core i5 12th Gen 14 FHD Laptop","78500"
"Acer TravelMate TMP214-53 Core i7 11th Gen 14 FHD Laptop","79500 82000"
"ASUS Vivobook 15 M1502IA-EJ390W Ryzen 7 4800H 156 FHD Laptop","81500"
"ASUS VivoBook 15 X1502ZA-EJ1249W Core i5 12th Gen 156 FHD Laptop","83000"
"Asus VivoBook 15 X1505ZA OLED Core i3 12th Gen 156 FHD Laptop","75000"
"Asus VivoBook Go 15 E1504FA Ryzen 5 7520U 156 FHD Laptop","78000"
"DOEL T10 Core i7 10th Gen 14 FHD Laptop","77500"
"HP 14s-dq5110TU Core i5 12th Gen 14 FHD Laptop","78000"
"HP 15s-fq5192TU Core i5 12th Gen 156 HD Laptop","78500"
"Huawei MateBook B3-420 Core i5 11th Gen 14 FHD Laptop","76000 78999"
"HUAWEI MateBook B3-520 Core i5 11th Gen 156 FHD Laptop","76000"
"Huawei MateBook D15 Core i5 11th Gen 156 FHD Laptop","76000 78999"
"Lenovo IdeaPad 3 Ryzen 7 5700U 156 FHD Laptop with Windows 11","79900"
"Lenovo IdeaPad Slim 3i 11th Gen Core i5 156 FHD Laptop with 3 Years Warranty","74500"
"Lenovo IdeaPad Slim 3i 15ITL Core i5 11th Gen MX350 2GB Graphics 156 FHD Laptop with 03 Years Warranty","78500"
"Lenovo IdeaPad Slim 3i Core i5 11th Gen MX350 2GB Graphics 156 FHD Laptop","79500"
"Lenovo IdeaPad Slim 3i Core i5 12th Gen 14 FHD Laptop","75500"
"Lenovo IP Slim 3 15ABR8 Ryzen 5 156 FHD Laptop","77000"
"Walton Passion BX710U Core i7 10th Gen 156 FHD Laptop","74550"
"Acer Aspire 7 A715-42G-R2NE Ryzen 5 5500U GTX 1650 4GB Graphics 156 FHD Gaming Laptop","86000"
"Acer TravelMate TMP214-53 Core i7 11th Gen 512GB SSD 14 FHD Laptop","84900"
"Asus ExpertBook B1 B1500CEAE Core i5 11th Gen 1TB HDD 156 FHD Laptop","80500 86500"
"ASUS ExpertBook P1 P1512CEA Core i7 11th Gen 156 FHD Laptop","96000"
"ASUS Vivobook 15 OLED M1505YA AMD Ryzen 5 156 FHD Laptop","89000"
"Asus VivoBook Flip 14 TM420UA Ryzen 5 14 FHD Touch Laptop","89900"
"HP ProBook 440 G9 Core i5 12th Gen 14 FHD Laptop","89000"
"HP ProBook 440 G9 Core i5 12th Gen 14 FHD Laptop With Windows 11","91000"
"Lenovo IdeaPad Slim 3i Core i5 12th Gen 156 FHD Laptop","84500"
"Lenovo IdeaPad Slim 3i Core i5 12th Gen 156 FHD Laptop Abyss Blue","86000"
"Lenovo IdeaPad Slim 3i Core i5 12th Gen 156 FHD Laptop with Windows 11","83000"
"Lenovo IdeaPad Slim 3i Core i7 11th Gen 14 FHD Laptop","95500"
"Lenovo IdeaPad Slim 3i Core i7 11th Gen 156 FHD Laptop","88000"
"Lenovo IP Slim 3 15ABR8 Ryzen 7 156 FHD Laptop (Ram Not Upgradable)","88000"
"MSI Modern 14 C11M Core i3 11th Gen 14 FHD Laptop","55000"
"MSI Modern 14 C12M Core i5 12th Gen 14 FHD Laptop Urban Silver","77900"
"MSI Modern 14 C12MO Core i3 12th Gen 14 FHD Laptop","59500"
"MSI Modern 15 A5M Ryzen 7 5700U 156 FHD Laptop","81000"
"Samsung Galaxy Book Core i5 11th Gen 156 FHD Laptop","86000"
"Walton Tamarind MX711G Core i7 11th Gen 14 FHD Laptop","84500"
"Asus ROG Strix G15 G513IE AMD Ryzen 7 4800H RTX 3050Ti 4GB Graphics 156 FHD Gaming Laptop","144000"
"Asus TUF Dash F15 FX517ZC Core i5 12th Gen RTX 3050 4GB Graphics 156 FHD Gaming Laptop","139000"
"ASUS TUF Gaming A15 FA507RC Ryzen 7 6800H RTX 3050 4GB Graphics 156 FHD Gaming Laptop","144000"
"Asus TUF Gaming A17 FA706ICB Ryzen 5 4600H RTX 3050 4GB Graphics 173 FHD Gaming Laptop","121000"
"Asus TUF Gaming A17 FA706ICB Ryzen 7 4800H RTX 3050 4GB Graphics 173 FHD Gaming Laptop","133500"
"ASUS Vivobook S 16X OLED M5602RA Ryzen 7 6800H 16 OLED Laptop","149000"
"Lenovo IdeaPad Gaming 3i Core i5 12th Gen RTX 3050 4GB Graphics 16 2K WUXGA Laptop","144000"
"MSI Cyborg 15 A12UCX Core i5 12th Gen RTX 2050 4GB Graphics 156 FHD Gaming Laptop","103000"
"MSI GF63 THIN 11SC Core i5 11th Gen GTX 1650 4GB Graphics 156 FHD 144hz Gaming Laptop with 2 Years Warranty","90000"
"MSI GF63 THIN 11UC Core i5 11th Gen 512GB SSD RTX 3050 Max-Q 4GB Graphics 156 FHD Gaming Laptop","108500"
"MSI GF63 THIN 11UCX Core i5 11th Gen RTX 2050 4GB Graphics 156 FHD 144Hz Gaming Laptop","93900"
"MSI GF63 THIN 12UCX Core i5 12th Gen RTX 2050 4GB Graphics 156 FHD 144hz Gaming Laptop","99000"
"MSI Modern 14 C12MO Core i7 12th Gen 14 FHD Laptop","98000"
"MSI Modern 14 C13M Core i5 13th Gen 14 FHD Laptop","89500"
"MSI Modern 14 C13M Core i7 13th Gen 14 FHD Laptop","104500"
"MSI Modern 15 B12M Core i7 12th Gen 16GB RAM 156 FHD Laptop","91500"
"MSI Modern 15 B13M Core i5 13th Gen 156 FHD Laptop","91500"
"MSI Modern 15 B13M Core i7 13th Gen 156 FHD Laptop","105500"
"MSI Stealth 17 Studio A13VI Core i9 13th Gen 64GB RAM 4TB SSD RTX 4090 16GB Graphics 173 4K UHD 144Hz Gaming Laptop","TBA"
"Thunderobot 911MT Core i5 12th Gen RTX 3060 6GB Graphics 156 FHD 144Hz Gaming Laptop","139000"
"Asus TUF Dash F15 FX517ZE Core i5 12th Gen RTX 3050 Ti 4GB Graphics 156 FHD WV Gaming Laptop","159000"
"Asus TUF Gaming A15 FA506QM Ryzen 7 5800H RTX 3060 6GB Graphics 156 FHD Gaming Laptop","170900 176000"
"ASUS TUF Gaming A15 FA507RE Ryzen 7 6800H RTX 3050 Ti 4GB Graphics 156 FHD Jaeger Gray Gaming Laptop","153900 180000"
"ASUS TUF Gaming A15 FA507RM Ryzen 7 6800H RTX 3060 6GB Graphics 156 FHD Gaming Laptop","181900 181900"
"Lenovo IdeaPad Gaming 3i Core i7 12th Gen RTX 3050 4GB Graphics 16 2K WUXGA Laptop","165000"
"Lenovo IdeaPad Slim 5i Core i7 12th Gen MX550 2GB Graphics 156 FHD Laptop","155000"
"Microsoft Surface Laptop 5 Core i5 12th Gen 8GB RAM 256GB SSD 135 QHD Multi-Touch Laptop (QZI-00001)","138000"
"MSI Creator Z16 HX Studio B13VFTO Core i7 13th Gen RTX 4060 8GB Graphics 16 2K QHD Gaming Laptop","365000"
"MSI Cyborg 15 A12VE Core i5 12th Gen RTX 4050 6GB Graphics 156 FHD Gaming Laptop","129500"
"MSI Cyborg 15 A12VF Core i7 12th Gen RTX 4060 8GB Graphics 156 FHD Gaming Laptop","158900"
"MSI GF63 THIN 11UC Core i5 11th Gen 512GB SSD RTX 3050 Max-Q 4GB Graphics 156 FHD Gaming Laptop","108500"
"MSI Katana 15 B12UDXK Core i5 12th Gen RTX 3050 4GB Graphics 156 FHD Gaming Laptop","139000"
"MSI Katana GF66 12UC Core i5 12th Gen RTX 3050 4GB Graphics 156 FHD Gaming Laptop","112900"
"MSI Katana GF66 12UEOK Core i5 12th Gen RTX 3060 6GB Graphics 156 FHD Gaming Laptop","127000"
"MSI Pulse 15 B13VFK Core i7 13th Gen RTX 4060 8GB Graphics 156 FHD 360Hz Gaming Laptop","179500"
"MSI Stealth 16 Mercedes-AMG A13VF Core i9 13th Gen RTX 4060 8GB Graphics 16” UHD+ OLED Gaming Laptop","349900"
"MSI Summit E16 Flip Evo A13MT Core i7 13th Gen 16GB RAM 16 FHD+ 165Hz Touch Laptop","183900"
"MSI Sword 15 A12UCX Core i5 12th Gen RTX 2050 4GB Graphics 156 FHD Gaming Laptop","134000"
"MSI Sword 17 A12VE Core i7 12th Gen RTX 4050 6GB Graphics 173 FHD Gaming Laptop","228000"
"Thunderobot 911X Core i5 13th Gen RTX 4060 8GB Graphics 156 FHD 165Hz Gaming Laptop","174900"
"Apple MacBook Air 133-Inch Retina Display 8-core Apple M1 chip with 8GB RAM 256GB SSD (MGN63) Space Gray","106000"
"Asus TUF Dash F15 FX517ZM Intel Core i5 12th Gen RTX 3060 6GB Graphics 156 FHD WV Gaming Laptop","186000"
"Asus TUF Dash F15 FX517ZM Intel Core i7 12th Gen RTX 3060 6GB Graphics 156 FHD WV Gaming Laptop","203000"
"ASUS Zenbook Pro 14 Duo OLED UX8402ZA-M3031W Core i7 12th Gen 145 28K Touch Laptop","224990"
"Lenovo Legion 5i Core i7 12th Gen RTX 3060 6GB Graphics 156 FHD 144Hz Gaming Laptop","248000"
"Lenovo Legion 5i Core i7 12th Gen RTX 3070 8GB Graphics 156 25K 165Hz Gaming Laptop","249000"
"Microsoft Surface Go 3 Core i3 10th Gen 105 MultiTouch Laptop (8VC-00001)","TBA"
"Microsoft Surface Laptop 5 Core i7 12th Gen 16GB RAM 512GB SSD 135 QHD Multi-Touch Laptop (RBG-00001)","198000"
"Microsoft Surface Laptop Studio Core i5 11th Gen 16GB RAM 144 Touchscreen 2-in-1 Laptop (THR-00001)","185000"
"Microsoft Surface Laptop Studio Core i7 11th Gen 16GB RAM 512GB SSD 144 Touchscreen 2-in-1 Laptop (A1Y-00001)","228000"
"Microsoft Surface Laptop Studio Core i7 11th Gen 32GB RAM 1TB SSD 144 Touchscreen 2-in-1 Laptop (ABY-00001)","292000"
"Microsoft Surface Pro 9 Core i5 12th Gen 8GB RAM 512GB SSD 13 Multi-Touch Laptop for Business (QHB-00017)","149000"
"Microsoft Surface Pro 9 Core i7 12th Gen 16GB RAM 256GB SSD 13 Multi-Touch Laptop for Business (QIM-00001)","169500"
"MSI GF63 THIN 11UC Core i7 11th Gen RTX 3050 Max-Q 4GB Graphics 156 FHD Gaming Laptop","TBA"
"MSI GF63 THIN 11UC i7 11th Gen 256GB SSD 1TB HDD RTX 3050 Max-Q 4GB Graphics 156 FHD Gaming Laptop","TBA"
"MSI Raider GE66 12UHS Core i9 12th Gen RTX 3080 Ti 16GB Graphics 156 UHD Gaming Laptop","TBA"
"MSI Raider GE68 HX 13VG Core i9 13th Gen RTX 4070 8GB Graphics 16 4K UHD Gaming Laptop","395000"
"MSI Stealth 16 Mercedes-AMG A13VG Core i9 13th Gen RTX 4070 8GB Graphics 16” UHD+ OLED Gaming Laptop","399900"
"MSI Summit E13 Flip Evo A13MT Core i7 13th Gen 134 FHD+ 120Hz Touch Laptop","TBA"
"MSI Titan GT77HX 13VI Core i9 13th Gen 64GB RAM 4TB SSD RTX 4090 16GB Graphics 173 4K UHD 144Hz Gaming Laptop","774900"
"Apple MacBook Air (2022) Apple M2 Chip 136-Inch Liquid Retina Display 8GB RAM 256GB SSD Midnight #MLY33LLA  MLY33ZPA","141000"
"Apple MacBook Air (2022) Apple M2 Chip 136-Inch Liquid Retina Display 8GB RAM 256GB SSD Space Gray #MLXW3LLA  MLXW3ZPA","141000"
"Apple MacBook Pro 133-Inch Retina Display M2 Chip 8GB RAM 256GB SSD Silver (MNEP3)","154000"
"Apple MacBook Pro 133-Inch Retina Display M2 Chip 8GB RAM 256GB SSD Space Gray (MNEH3)","154000"
"ASUS Zenbook Pro 14 Duo OLED UX8402ZE-M3050W Core i7 12th Gen RTX 3050 Ti 4GB Graphics 145 28K Touch Laptop","269990"
"Lenovo Legion 5i Core i7 12th Gen RTX 3070 8GB Graphics 156 25K 165Hz Gaming Laptop","249000"
"Lenovo Legion 5i Pro Core i7 12th Gen RTX 3060 6GB Graphics 16 25K 240Hz Gaming Laptop","255000"
"Lenovo Legion Slim 7i Core i7 12th Gen RTX 3060 6GB Graphics 16 25K 165Hz Gaming Laptop","255000"
"Lenovo Legion Slim 7i Core i7 12th Gen RTX 3070 8GB Graphics 16 25K 165Hz Gaming Laptop","259000"
"Lenovo ThinkPad X1 Carbon Gen 9 Core i7 14 Inch WUXGA IPS Laptop","250000"
"Microsoft Surface Go 2 Pentium Gold 4GB RAM 64GB SSD 105 Touch Laptop","TBA"
"Microsoft Surface Laptop 4 Ryzen 5 4680U 8GB RAM 256GB SSD 135 Touch Laptop (5PB-00018)","TBA"
"Microsoft Surface Pro 8 Core i5 11th Gen 8GB RAM 128GB SSD 13 MultiTouch 2-in-1 Detachable Laptop (8PQ-00001)","TBA"
"Microsoft Surface Pro 8 Core i5 11th Gen 8GB RAM 256GB SSD 13 MultiTouch 2-in-1 Detachable Laptop (8PQ-00028)","TBA"
"Microsoft Surface Pro X SQ2 16GB RAM 256GB SSD 13 Touch Laptop","TBA"
"MSI GF63 THIN 11UC Core i5 11th Gen 256GB SSD 1TB HDD RTX 3050 Max-Q 4GB Graphics 156 FHD Gaming Laptop","TBA"
"MSI Modern 14 C12M Core i3 12th Gen 14 FHD Laptop","TBA"
"MSI Modern 14 C12M Core i5 12th Gen 16GB RAM 14 FHD Laptop","TBA"
"MSI Modern 14 C5M Ryzen 5 5625U 14 FHD Laptop","TBA"
"MSI Modern 15 B11M Core i5 11th Gen 156 FHD Laptop","TBA"
"Apple MacBook Air (2022) Apple M2 Chip 136-Inch Liquid Retina Display 8GB RAM 512GB SSD Midnight #MLY43LLA","171000"
"Apple MacBook Air (2022) Apple M2 Chip 136-Inch Liquid Retina Display 8GB RAM 512GB SSD Space Gray #MLXX3LLA","171000"
"Apple MacBook Air (2023) Apple M2 Chip 15-Inch Liquid Retina Display 8GB RAM 256GB SSD Midnight #MQKW3LLA","169000"
"Apple MacBook Air (2023) Apple M2 Chip 15-Inch Liquid Retina Display 8GB RAM 256GB SSD Space Gray #MQKP3A","169000"
"Apple MacBook Air (2023) Apple M2 Chip 15-Inch Liquid Retina Display 8GB RAM 256GB SSD Starlight #MQKU3LLA","169000"
"Apple MacBook Pro 133-Inch Retina Display M2 Chip 8GB RAM 512GB SSD Silver (MNEQ3)","179500"
"Apple MacBook Pro 133-Inch Retina Display M2 Chip 8GB RAM 512GB SSD Space Gray (MNEJ3)","184000"
"Lenovo IdeaPad Slim 3i Core i7 11th Gen 156 FHD Laptop Abyss Blue","TBA"
"Microsoft Surface Laptop 4 Core i5 11th Gen 16GB RAM 512GB SSD 135 Multi Touch Display Laptop (5AI-00085)","TBA"
"Microsoft Surface Laptop 4 Core i7 11th Gen 16GB RAM 512GB SSD 15 Multi Touch Display Laptop (5IM-00053)","TBA"
"Microsoft Surface Laptop 5 Core i5 12th Gen 16GB RAM 512GB SSD 135 QHD Multi-Touch Laptop (R8N-00001)","TBA"
"Microsoft Surface Pro 8 Core i5 11th Gen 8GB RAM 256GB SSD 13 MultiTouch 2-in-1 Detachable Laptop With Keyboard (IUS-00001)","TBA"
"Microsoft Surface Pro 9 Core i5 12th Gen 13 Multi-Touch Laptop (QEZ-00052)","TBA"
"Microsoft Surface Pro 9 Core i7 12th Gen 16GB RAM 256GB SSD 13 Multi-Touch Laptop (QIL-00018)","TBA"
"MSI GF63 THIN 11UC Core i5 11th Gen RTX 3050 Max-Q 4GB Graphics 156 FHD Gaming Laptop","TBA"
"MSI Modern 14 B11SB Core i5 11th Gen MX450 2GB Graphics 14 FHD Laptop","TBA"
"MSI Modern 14 C12M Core i5 12th Gen 14 FHD Laptop","TBA"
"MSI Modern 14 C12M Core i7 12th Gen 14 FHD Laptop","TBA"
"MSI Modern 15 B12M Core i5 12th Gen 156 FHD Laptop","TBA"
"MSI Modern 15 B12M Core i7 12th Gen 8GB RAM 156 FHD Laptop","TBA"
"Apple MacBook Air (2023) Apple M2 Chip 15-Inch Liquid Retina Display 8GB RAM 512GB SSD Midnight #MQKX3LLA","190000"
"Apple MacBook Air (2023) Apple M2 Chip 15-Inch Liquid Retina Display 8GB RAM 512GB SSD Silver #MQKT3LLA","190000"
"Apple MacBook Air (2023) Apple M2 Chip 15-Inch Liquid Retina Display 8GB RAM 512GB SSD Space Gray #MQKQ3LLA","190000"
"Apple MacBook Air (2023) Apple M2 Chip 15-Inch Liquid Retina Display 8GB RAM 512GB SSD Starlight #MQKV3LLA","190000"
"Apple MacBook Pro 14-inch M2 Pro 16GB RAM 1TB SSD Space Gray (MPHF3)","285000"
"Apple MacBook Pro 14-inch M2 Pro 16GB RAM 512GB SSD Silver (MPHH3LLA)","240000"
"Apple MacBook Pro 14-inch M2 Pro 16GB RAM 512GB SSD Space Gray (MPHE3LLA MPHE3ZPA)","240000"
"Apple MacBook Pro 16-inch M2 Pro 16GB RAM 1TB SSD Space Gray (MNW93)","305000"
"Microsoft Surface Laptop Studio Core i7 11th Gen 32GB RAM 2TB SSD 144 Touchscreen 2-in-1 Laptop (AI2-00001)","TBA"
"Microsoft Surface Pro 9 Core i7 12th Gen 16GB RAM 1B SSD 13 Multi-Touch Laptop (QKI-00001)","TBA"
"Microsoft Surface Pro 9 Core i7 12th Gen 16GB RAM 512GB SSD 13 Multi-Touch Laptop (QIX-00018)","TBA"
"MSI Bravo 15 B5DD Ryzen 5 5600H RX 5500M 4GB Graphics 156 FHD 144Hz Gaming Laptop","TBA"
"MSI Creator M16 A12UC Core i7 12th Gen RTX 3050 4GB Graphics 16 QHD+ Laptop","TBA"
"MSI GF63 THIN 11SC Core i7 11th Gen GTX 1650 4GB Graphics 156 FHD 144hz Gaming Laptop","TBA"
"MSI GF63 THIN 11UC Core i7 11th Gen RTX 3050 Max-Q 4GB Graphics 1TB SSD 156 FHD Gaming Laptop","TBA"
"MSI Katana GF66 11UC Core i5 11th Gen RTX3050 4GB Graphics 156 Gaming Laptop","TBA"
"MSI Katana GF66 12UC Core i7 12th Gen RTX 3050 4GB Graphics 156 FHD Gaming Laptop","TBA"
"MSI Katana GF66 12UD Core i7 12th Gen RTX 3050 Ti 4GB Graphics 156 FHD Gaming Laptop","TBA"
"MSI Prestige 14 A11SB Core i7 11th Gen MX450 2GB Graphics 14 FHD Laptop","TBA"
"MSI Summit E14 A11SCS Core i7 11th Gen GTX 1650 Ti Max-Q 4GB Graphics 14 UHD Laptop","TBA"
"Apple MacBook Pro 14-Inch M1 Max Chip 32GB RAM 1TB SSD (Z15H00107) Space Grey Late 2021","390000"
"Apple MacBook Pro 14-inch M2 Max 32GB RAM 1TB SSD Silver (MPHK3LLA)","TBA"
"Apple MacBook Pro 14-inch M2 Max 64GB RAM 4TB SSD Space Gray (Z17G002TU)","TBA"
"Apple MacBook Pro 14-inch M2 Pro 16GB RAM 1TB SSD Silver (MPHJ3LLA)","TBA"
"Apple MacBook Pro 14-inch M2 Pro 16GB RAM 1TB SSD Space Gray (MPHF3LLA)","TBA"
"Apple MacBook Pro 16-Inch M1 Max Chip 64GB RAM 4TB SSD Space Gray (MK233LLA)","480000"
"Apple MacBook Pro 16-Inch M1 Pro Chip 32GB RAM 1TB SSD Space Gray (Z14W00105)","390000"
"Asus ExpertBook B3 Flip B3402FEA Core i5 14-inch 250 Nits 360° FHD Touch Laptop","91000"
"ASUS Vivobook 15 X1504VA-NJ261W Core i5 13th Gen 156 FHD Laptop","89500"
"HP Pavilion 15-eg2109TU Core i5 12th Gen 156 FHD Laptop","91000"
"HP Pavilion 15-eg2116TU Core i5 12th Gen 156 FHD Laptop","91000"
"HP ProBook 455 G9 Ryzen 5 5625U 156 FHD Laptop","84500 92000"
"MSI Creator Z16 A11UET Core i7 11th Gen RTX 3060 Max-Q 6GB Graphics 16 QHD Gaming Laptop","TBA"
"MSI Delta 15 A5EFK Ryzen 7 5800H RX 6700M 10GB Graphics 156 FHD Gaming Laptop","TBA"
"MSI Katana 15 B13VEK Core i7 13th Gen 16GB RAM RTX 4050 6GB Graphics 156 FHD 144Hz Gaming Laptop","TBA"
"MSI Katana 17 B13VEK Core i7 13th Gen 16GB RAM RTX 4050 6GB Graphics 173 FHD 144Hz Gaming Laptop","TBA"
"MSI Pulse GL66 12UEK Core i7 12th Gen RTX 3060 6GB Graphics 156 FHD Gaming Laptop","TBA"
"MSI Sword 15 A12VF Core i7 12th Gen 16GB RAM RTX 4060 8GB Graphics 156 FHD 144Hz Gaming Laptop","TBA"
"MSI Vector GP66 12UE Core i7 12th Gen RTX 3060 6GB Graphics 156 FHD Gaming Laptop","TBA"
"MSI Vector GP66 12UEO Core i7 12th Gen RTX 3060 6GB Graphics 156 FHD 240Hz Gaming Laptop","TBA"
"Acer Aspire 5 5M-A515-58GM Core i5 13th Gen RTX 2050 4GB Graphics 156 FHD Gaming Laptop","94000"
"Acer Aspire 5 AN515-57G-52HF Core i5 12th Gen RTX 2050 4GB Graphics 156 FHD Gaming Laptop","95500"
"Acer Aspire 7 A715-51G Core i5 12th Gen GTX 1650 4GB Graphics 156 FHD Gaming Laptop","98000"
"Apple MacBook Air (2022) Apple M2 Chip 136-Inch Liquid Retina Display 8GB RAM 256GB SSD Silver #MLXY3LLA  MLXY3ZPA","TBA"
"Apple MacBook Air (2022) Apple M2 Chip 136-Inch Liquid Retina Display 8GB RAM 256GB SSD Starlight #MLY13LLA  MLY13ZPA","TBA"
"Apple MacBook Air (2023) Apple M2 Chip 15-Inch Liquid Retina Display 8GB RAM 256GB SSD Silver","TBA"
"Apple MacBook Air 133-Inch Retina Display 8-core Apple M1 Chip 16GB RAM 256GB SSD Space Gray (Z124000AL)","TBA"
"Apple MacBook Air 133-Inch Retina Display 8-core Apple M1 chip with 8GB RAM 256GB SSD (MGN93) Silver","TBA"
"Apple MacBook Air 133-Inch Retina Display 8-core Apple M1 chip with 8GB RAM 512GB SSD (MGNA3) Silver","TBA"
"Apple MacBook Pro 14-Inch M1 Pro Chip 32GB RAM 512GB SSD (Z15G001WA) Space Gray Late 2021","TBA"
"Apple MacBook Pro 16-Inch M1 Max Chip 64GB RAM 1TB SSD Space Gray (Z14V0016S)","TBA"
"Apple MacBook Pro 16-Inch M1 Pro Chip 16GB RAM 1TB SSD (MK193) Space Gray 2021","TBA"
"Apple MacBook Pro 16-Inch M1 Pro Chip 16GB RAM 512GB SSD MK183ZPA Space Gray 2021","TBA"
"ASUS VivoBook Flip 14 TM420UA-EC046 Ryzen 7 5700U 14 FHD Touch Laptop","97000"
"Asus Vivobook S15 S513EA Core i5 11th Gen 156 OLED FHD Laptop","97000"
"ASUS ZenBook 14 UM425UA Ryzen 5 5500U 14 FHD Laptop","93500"
"MSI Raider GE66 Deluxe Edition 12UHS Core i9 12th Gen RTX 3080 Ti 16GB Graphics 156 UHD Gaming Laptop","TBA"
"MSI Summit E16Flip A12UCT Core i7 12th Gen RTX 3050 4GB Graphics 16 QHD+ 165Hz Touch Laptop","TBA"
"MSI Vector GP77 13VF Core i7 13th Gen 16GB RAM 2TB SSD RTX 4060 8GB Graphics 173 2K QHD 240Hz Gaming Laptop","TBA"
"MSI Vector GP77 13VG Core i7 13th Gen 16GB RAM 2TB SSD RTX 4070 8GB Graphics 173 2K QHD 240Hz Gaming Laptop","TBA"
"Acer Aspire 7 A715-76G Core i5 12th Gen RTX 3050 4GB Graphics IPS 144Hz 156 Gaming Laptop","110000"
"Acer Nitro 5 AN515-45-R4TJ Ryzen 7 256GB SSD RTX 3050Ti 4GB Graphics 156 FHD 144Hz Gaming Laptop","116900"
"Apple MacBook Pro 16-Inch M1 Max Chip 32GB RAM 2TB SSD Space Gray (Z14V0016X)","TBA"
"Apple MacBook Pro 16-Inch M1 Max Chip 64GB RAM 1TB SSD Space Gray Late 2021 (Z14X000CQ)","TBA"
"ASUS VivoBook 14 X1402ZA Core i7 12th Gen 14 FHD Laptop","98000"
"Asus VivoBook 15 K513EQ Core i5 11th Gen 156 OLED FHD Laptop","102000"
"Asus VivoBook 15 S513EQ Core i5 11th Gen 8GB RAM 156 OLED FHD Laptop","101000"
"Asus VivoBook 15 S513EQ Core i7 11th Gen MX350 2GB Graphics 156 FHD OLED Laptop","118000"
"ASUS Vivobook 15 X1504VA-NJ263W Core i7 13th Gen 156 FHD Laptop","114000"
"Asus VivoBook 15 X513EP Core i7 11th Gen MX330 2GB Graphics 156 FHD Laptop With Windows 11","112000"
"ASUS VivoBook 15X K3504VA-L1272W Core i5 13th Gen 156 OLED Laptop","105000"
"Asus VivoBook 15X OLED X1503ZA Core i7 12th Gen 156 FHD Laptop","116000"
"Asus VivoBook 15X X1503ZA OLED Core i5 12th Gen 156 FHD Laptop","98000"
"ASUS VivoBook 15X X1503ZA-L1277W Core i5 12th Gen 156 FHD OLED Laptop","98990"
"ASUS Vivobook 16X OLED M1603QA Ryzen 5 5600H 16 4K Laptop","108000"
"ASUS VivoBook Pro 15 K3500PA Core i7 11th Gen 156 FHD Laptop","113500"
"ASUS ZenBook 14X UX5401EA Core i5 11th Gen 14 28K OLED Touch Laptop","119000"
"HP 15s-du4026TU Core i7 12th Gen 156 FHD Laptop","108500"
"HP Pavilion 15-eg2117TU Core i7 12th Gen 156 FHD Laptop","112000"
"Samsung Galaxy Book2 Business Core i5 12th Gen 14 FHD Laptop","98000"
"ASUS TUF Gaming F15 FX506HE Core i5 11th Gen RTX 3050 Ti 4GB Graphics 156 FHD Gaming Laptop","133500"
"Asus VivoBook 15 S513EQ Core i7 11th Gen MX350 2GB Graphics 156 FHD Laptop","119000"
"ASUS Vivobook Pro 15 M3500QC Ryzen 5 5600H RTX 3050 4GB Graphics 156 FHD Laptop","132000"
"ASUS Vivobook Pro 15 M3500QC Ryzen 7 5800H RTX 3050 4GB Graphics 156 FHD Laptop","139500"
"ASUS Vivobook Pro 15 OLED M3500QC Ryzen 7 5800H RTX 3050 4GB Graphics 156 FHD Laptop with Windows 11","144500"
"ASUS Vivobook S 16 Flip OLED TN3604YA Ryzen 7 7730U 16 32K Touch Laptop","142900"
"Asus ZenBook 14 Flip OLED UP5401EA Core i5 11th Gen 14 28K OLED Touch Laptop","135000"
"Asus ZenBook 14 OLED UM3402YA Ryzen 5 5625U 14 WQHD Laptop","129500"
"Asus ZenBook 14 OLED UM3402YA Ryzen 7 5825U 14 WQHD Laptop","139500"
"Asus ZenBook 14 OLED UX3402ZA Core i5 14 3K Laptop","132000"
"Asus ZenBook 14 UM3402YA Ryzen 7 5825U 14 WQXGA Laptop","129000"
"ASUS ZenBook Duo 14 UX482EAR i7 11th Gen 14 FHD Touch Laptop with Pen","136500"
"GIGABYTE G5 KF Core i5 12th Gen RTX 4060 8GB Graphics 156'' FHD 144Hz Gaming Laptop","138000"
"GIGABYTE G5 MF Core i5 12th Gen RTX 4050 6GB Graphics 156'' FHD 144Hz Gaming Laptop","130000"
"HP Victus 15-fb0119AX Ryzen 7 5800H RTX 3050 Ti 4GB Graphics 156 FHD 144Hz Gaming Laptop","128500"
"Lenovo IdeaPad Gaming 3 15ARH7 Ryzen 5 7535HS RTX 4050 6GB Graphics 156 FHD Laptop","139000"
"Lenovo IdeaPad Gaming 3 15ARH7 Ryzen 7 7735HS RTX 3050 6GB Graphics 156 FHD Laptop","139000"
"Lenovo IdeaPad Gaming 3i Core i7 11th Gen GTX 1650 4GB Graphics 156 FHD Laptop With 3 Years Warranty","135000"
"Lenovo IdeaPad Slim 5i Pro Core i5 11th Gen MX450 2GB Graphics 16 Laptop With 3 Years Warranty","121000"
"Thunderobot 911X Core i5 13th Gen RTX 4050 6GB Graphics 156 FHD 165Hz Gaming Laptop","144900"
"ASUS TUF Gaming A15 FA507RE Ryzen 7 6800H RTX 3050 Ti 4GB Graphics 156 FHD Gaming Laptop","153900 180000"
"Asus TUF Gaming A15 FA507XU Ryzen 9 7940HS RTX 4050 6GB Graphics 156 FHD Gaming Laptop","169900"
"Asus TUF Gaming A15 FA507XV Ryzen 9 7940HS RTX 4060 8GB Graphics 156 FHD Gaming Laptop","179900"
"ASUS TUF Gaming A16 Advantage Edition Ryzen 7 7735HS RX 7600S 8GB Graphics 16 QHD Laptop","169900"
"ASUS TUF Gaming F15 FX507VU4 Core i7 13th Gen RTX 4050 6GB Graphics 156 FHD 144Hz Gaming Laptop","174000"
"ASUS VivoBook 16X K3605ZF-MX041W Core i5 12th Gen 16 OLED Laptop","150000"
"ASUS VivoBook 16X K3605ZF-MX148W Core i7 12th Gen 16 OLED Laptop","167000"
"ASUS Vivobook Pro 15 M3500QC Ryzen 9 5900HX RTX 3050 4GB Graphics 156 FHD Laptop","154000"
"Asus Vivobook Pro 16X OLED M7600QE Ryzen 7 5800H RTX 3050Ti 4GB Graphics 16 4K Gaming Laptop","174000"
"ASUS Zenbook 14 Flip OLED UP3404VA-KN109WS Core i5 13th Gen 14 OLED 28K Touch Laptop","159000"
"Asus ZenBook 14X OLED UX5401EA Core i7 11th Gen 14 28K OLED Touch Laptop","157000"
"ASUS ZenBook Duo 14 UX482EA Core i7 11th Gen 14 FHD Touch Laptop","174000"
"ASUS Zenbook S 13 Flip OLED UP5302ZA Core i7 12th Gen 133 3K Touch Laptop","176000"
"GIGABYTE AORUS 15 9MF Core i5 12th Gen RTX 4050 6GB Graphics 156 FHD 360Hz Gaming Laptop","160000"
"GIGABYTE G5 KE Core i5 12th Gen RTX 3060 6GB Graphics 156 FHD 144Hz Gaming Laptop","146000"
"HP ENVY 15-ep1890TX Core i7 11th Gen RTX 3050 Ti 4GB Graphics 156 FHD Touch Gaming Laptop","185000"
"Lenovo IdeaPad Gaming 3 15ARH7 Ryzen 7 7735HS RTX 4050 6GB Graphics 156 FHD Laptop","159000"
"Lenovo LOQ 15APH8 Ryzen 7 7840HS RTX 3050 6GB Graphics 156 FHD 144Hz Gaming Laptop","150000"
"Lenovo LOQ 15APH8 Ryzen 7 7840HS RTX 4050 6GB Graphics 156 FHD 144Hz Gaming Laptop","170000"
"Lenovo ThinkPad P14s Gen 2 Core i5 11th Gen 14 FHD Business Laptop","141000 155500"
"Acer Predator Helios 16 PH16-71-70L4 Core i7 13th Gen RTX 4060 8GB GDDR6 16 240Hz Gaming Laptop","219900"
"Acer Predator Helios 16 PH16-71-74MN Core i7 13th Gen RTX 4070 8GB GDDR6 16 240HZ Gaming Laptop","274900"
"Acer Predator Helios 16 PHN16-71 Core i7 13th Gen RTX 4070 8GB GDDR6 16 240HZ Gaming Laptop","274900"
"ASUS ProArt Studiobook 16 OLED H5600QM Ryzen 7 5800H RTX 3060 6GB Graphics 16 OLED Laptop","275000"
"ASUS ROG STRIX G15 G513IM Ryzen 7 4800H 16GB RAM RTX 3060 6GB 156 WQHD Gaming Laptop","181900 187000"
"ASUS ROG Strix G15 G513RM Ryzen 7 6800H RTX 3060 6GB Graphics 156 FHD Gaming Laptop","212000 218000"
"ASUS ROG Strix G15 G713RM Ryzen 7 6800H RTX 3060 6GB Graphics 173 FHD WV Gaming Laptop","222000"
"Asus ROG Strix G16 G614JI Core i7 13th Gen RTX 4070 8GB Graphics 16 FHD+ Gaming Laptop","245000"
"Asus ROG Strix G16 G614JU Core i7 13th Gen RTX 4050 6GB Graphics 16 FHD+ Gaming Laptop","199900"
"Asus ROG Strix G16 G614JV Core i7 13th Gen RTX 4060 8GB Graphics 16 QHD+ Gaming Laptop","235000"
"Asus ROG Zephyrus G14 GA402RJ Ryzen 9 6900HS RX 6700S 8GB Graphics 14 WQXGA Gaming Laptop","235000 260000"
"Asus ROG Zephyrus G15 GA503RM Ryzen 7 6800HS 16GB RAM RTX 3060 156 WQHD Gaming Laptop","221900 265000"
"Asus ROG Zephyrus G15 GA503RW Ryzen 9 6900HS RTX 3070 Ti Graphics 156 WQHD Gaming Laptop","235000"
"Asus ZenBook S 13 OLED UX5304VA Core i7 13th Gen 133 3K Laptop","189900"
"ASUS Zenbook S 13 UX5304VA-NQ142WS Core i7 13th Gen 133 OLED Laptop","189900"
"GIGABYTE Aorus 15G XC Core i7 10th Gen RTX 3070Q 8GB Graphics 156 240Hz FHD Gaming Laptop","227000"
"HP OMEN 16-c0456AX Ryzen 9 5900H RTX 3070 8GB Graphics 161 FHD 144Hz Gaming Laptop","240000 242000"
"Lenovo Legion 5 Pro 16ARH7H Ryzen 7 6800H RTX 3070 8GB Graphics 16 165Hz Gaming Laptop","205000"
"Lenovo ThinkPad P14s Gen 2 Core i5 11th Gen T500 4GB Graphics Card 14 FHD Business Laptop","175000 185000"
"Thunderobot Zero Core i9 12th Gen RTX 3060 6GB Graphics 16 QHD 165Hz Gaming Laptop","199000"
"Acer Predator Helios 16 PH16-71-92RZ Core i9 13th Gen RTX 4080 12GB GDDR6 16 240HZ Gaming Laptop","359900"
"Acer Predator Helios 16 PHN16-72 Core i9 13th Gen RTX 4080 12GB GDDR6 16 240HZ Gaming Laptop","359900"
"Asus ExpertBook B1 B1400CBA Core i5 12th Gen 14 FHD Laptop","TBA"
"ASUS ProArt Studiobook 16 OLED H5600QM Ryzen 9 5900HX RTX 3060 6GB Graphics 16 OLED Laptop","302000"
"ASUS ProArt Studiobook 16 OLED H5600QR Ryzen 9 5900HX RTX 3070 8GB Graphics 16 OLED Laptop","333000"
"ASUS ProArt Studiobook Pro 16 OLED W7600H3A Core i7 11th Gen RTX A3000 6GB Graphics 16 OLED Laptop","365000"
"Asus ROG Flow X13 GV301QE Ryzen 9 5980HS RTX 3050 Ti 4GB Graphics (ROG XG Mobile GC31S with RTX 3080) 134 120Hz WUXGA Touch Gaming Laptop","315000"
"Asus ROG Zephyrus M16 GU603ZW Core i9 12th Gen RTX 3070 Ti 8GB Graphics 16 165Hz Gaming Laptop","350000"
"ASUS ZenBook 17 Fold OLED UX9702 Core i7 12th Gen 16GB RAM 1TB SSD 173 Touch Display Foled Laptop","399990"
"HP 240 G8 Core i5 11th Gen 512GB SSD 14 FHD Laptop","TBA"
"HP 245 G8 Ryzen 5 3500U 14 FHD Laptop","TBA"
"HP 245 G8 Ryzen 5 3500U 512GB SSD 14 FHD Laptop","TBA"
"HP ENVY 13-ba1690TU Core i5 11th Gen 133 FHD Laptop","TBA"
"Lenovo IdeaPad Slim 5i Core i7 11th Gen MX450 2GB Graphics 156-inch FHD Laptop","TBA"
"Lenovo Legion 5 15ACH6 Ryzen 7 5800H RTX 3050 4GB Graphics 156 FHD Gaming Laptop","TBA"
"Lenovo Legion 5 Pro 16ARH7H Ryzen 7 6800H RTX 3070 8GB Graphics 1TB SSD 16 Gaming Laptop","TBA"
"Lenovo Legion 7 16ACHg6 Ryzen 7 5800H RTX 3080 16GB Graphics 16 165Hz Gaming Laptop","307000"
"Lenovo Legion 7 16ACHg6 Ryzen 9 5900HX RTX 3080 16GB Graphics 16 165Hz Gaming Laptop","333000"
"Thunderobot Zero Bumblebee Core i9 13th Gen RTX 4070 8GB Graphics 16 QHD 240Hz Gaming Laptop","299000"
"Thunderobot Zero Core i9 13th Gen RTX 4070 8GB Graphics 16 QHD 240Hz Gaming Laptop","299000"
"Acer One 14 Z2-493 Ryzen 3 3250U 14 HD Laptop","TBA"
"Acer Predator Helios 16 PH16-71 Core i7 13th Gen RTX 4060 8GB Graphics 16 IPS 240HZ Gaming Laptop","TBA"
"Asus VivoBook 14 X415FA Core i3 10th Gen 14 FHD Laptop","TBA"
"Asus VivoBook 15 R565FA Core i3 10th Gen 156 HD Laptop","TBA"
"Asus VivoBook 15 X515FA Core i3 10th Gen 156 FHD Laptop","TBA"
"Asus Vivobook X515KA Celeron N4500 156 FHD Laptop","40500"
"Asus Vivobook X515KA Celeron N4500 156 HD Laptop","TBA"
"Asus Vivobook X515MA Celeron N4500 156 HD Laptop","TBA"
"HP 15s-fq3234TU Celeron N4500 156 FHD Laptop","TBA"
"HP EliteBook 830 G8 Core i7 11th Gen 133 FHD Laptop","TBA"
"HP EliteBook 830 G8 Core i7 11th Gen 133 FHD Laptop with 03 Years Warranty","TBA"
"Lenovo IdeaPad 3 15ALC6 AMD Ryzen 7 5700U 156 FHD Laptop","TBA"
"Lenovo IdeaPad Flex 5 14ALC7 AMD Ryzen 5 5500U 14 Touchscreen Laptop","TBA"
"Lenovo IdeaPad Flex 5 14ALC7 AMD Ryzen 7 5700U 14 Touchscreen Laptop","TBA"
"Lenovo IdeaPad Gaming 3 15ACH6 Ryzen 5 5600H RTX 3050 4GB Graphics 156 FHD Laptop","TBA"
"Lenovo IdeaPad Slim 3i Celeron N4020 14 FHD Laptop","TBA"
"Lenovo IdeaPad Slim 5i Pro Core i5 11th Gen 14 22K Laptop","TBA"
"Lenovo Legion 5i Pro Core i7 11th Gen RTX 3070 8GB Graphics 16 25K 165Hz Gaming Laptop","TBA"
"Lenovo Yoga 7 14ARP8 AMD Ryzen 7 7735U 14 OLED 28K Touch Laptop","TBA"
"Walton Prelude N5000A Pentium N5000 14 HD Laptop","TBA"
"Acer Aspire 3 A315-23 Ryzen 3 3250U 8GB RAM 156'' FHD Laptop","TBA"
"Acer Aspire 3 A315-58 Core i3 1115G4 11th Gen 156 FHD Laptop","TBA"
"Acer Aspire 3 A315-58 Core i3 11th Gen 512GB SSD 156 FHD Laptop","TBA"
"Acer Aspire 3 A315-58 Core i5 1135G7 11th Gen 156 FHD Laptop","TBA"
"ASUS D415DA Ryzen 3 3250U 14-inch HD Laptop","TBA"
"Asus VivoBook 14 X415FA Core i3 10th Gen 256GB SSD 14 FHD Laptop","TBA"
"ASUS VivoBook 15 X515EA Core i3 11th Gen 8GB RAM 512GB SSD 156 FHD Laptop With Fingerprint","TBA"
"ASUS VivoBook 15 X515JA Core i3 10th Gen 156 FHD Laptop","TBA"
"ASUS VivoBook 15 X515JA Core i3 10th Gen 8GB RAM 156 FHD Laptop","TBA"
"HP 15s-du3611TU Core i3 11th Gen 156 FHD Laptop","TBA"
"HP 15s-du3811TU Core i3 11th Gen 156 FHD Laptop","TBA"
"HP 15s-eq2171AU Ryzen 3 5300U 156 FHD Laptop","TBA"
"HP 15s-fq5486TU Core i3 12th Gen 156 FHD Laptop","TBA"
"HP 240 G8 Core i3 11th Gen 14 FHD Laptop","59000"
"HP 250 G8 Core i3 11th Gen 156 4GB RAM 1TB HDD Laptop","TBA"
"HP 250 G8 Core i3 11th Gen 1TB HDD+256GB SSD 156 FHD Laptop","TBA"
"HP 250 G8 Core i3 11th Gen 8GB RAM 156 FHD Laptop","TBA"
"Lenovo IdeaPad Slim 3i Core i3 10th Gen 156 FHD Laptop","TBA"
"Lenovo IdeaPad Slim 3i Core i3 11th Gen 1TB HDD 156 FHD Laptop","TBA"
"Xiaomi RedmiBook 15 Core i3 11th Gen 156 FHD Laptop","TBA"
"Acer Aspire 3 A315-58 Core i5 11th Gen 512GB SSD 156 FHD Laptop","TBA"
"Acer TravelMate TMP214-53 Core i5 11th Gen 512GB SSD 14 FHD Laptop","TBA"
"Acer TravelMate TMP215-53 Core i3 11th Gen 8GB RAM 156 FHD Laptop","TBA"
"Asus VivoBook 14 X1400EA Core i3 11th Gen 14 FHD Laptop","TBA"
"Asus VivoBook 15 K513EQ Core i5 11th Gen 156 FHD Laptop","94500"
"HP 14s-dq5345TU Core i3 12th Gen 14 FHD Laptop","TBA"
"HP 14s-fq2123AU Ryzen 5 5625U 14 FHD Laptop","TBA"
"HP 15s-eq2690AU Ryzen 5 5500U 156 FHD Laptop","TBA"
"HP 15s-eq3234AU Ryzen 5 5625U 156 FHD Laptop","TBA"
"HP 15s-fq2644TU Core i3 11th Gen 156 HD Laptop","TBA"
"Lenovo IdeaPad 1 14AMN7 AMD Ryzen 5 14 FHD Laptop with DDR5 RAM","TBA"
"Lenovo IdeaPad 1 14AMN7 AMD Ryzen 5 500GB SSD 14 FHD Laptop with DDR5 RAM","TBA"
"Lenovo IdeaPad 5 Pro 14ACN6 Ryzen 7 5800U 14 22K Laptop","103000"
"Lenovo IdeaPad Slim 3i Core i3 11th Gen 156 FHD Laptop","TBA"
"Lenovo IdeaPad Slim 3i Core i3 12th Gen 156 FHD Laptop","TBA"
"Lenovo ThinkPad E14 Core i3 11th Gen 14 FHD Laptop","TBA"
"Lenovo V14 Core i5 11th Gen 14 FHD Laptop With 256GB SSD","TBA"
"Lenovo V14 Core i5 11th Gen 1TB SATA 14 FHD Laptop","TBA"
"Realme Book Core i3 11th Gen 256GB SSD 14 2k UHD Laptop","TBA"
"Xiaomi RedmiBook 15 Pro Core i5 11th Gen 156 FHD Laptop","TBA"
"Acer Aspire 5 A515-56G Core i5 11th Gen MX350 2GB Graphics 156 FHD Laptop","TBA"
"Acer Aspire 5 A515-56G Core i5 11th Gen MX450 2GB Graphics 156 FHD Laptop","71500"
"ASUS ExpertBook P1 P1412CEA Core i5 11th 8GB RAM Gen 14 FHD Laptop","TBA"
"ASUS ExpertBook P1 P1412CEA Core i5 11th Gen 14 FHD Laptop","TBA"
"ASUS VivoBook 15 X1500EA Core i5 11th Gen 156 FHD Laptop","TBA"
"ASUS VivoBook 15 X1502ZA Core i3 12th Gen 512GB SSD 156 FHD Laptop","TBA"
"ASUS Vivobook Pro 15 OLED M3500QC Ryzen 9 5900HX RTX 3050 4GB Graphics 156 FHD Laptop","162000"
"Asus ZenBook 14 UX435EAL Core i5 11th Gen 1 TB SSD 14 FHD Laptop","109000"
"HP 15s-du3561TU Core i5 11th Gen 156 FHD Laptop","TBA"
"HP 15s-fq2643TU Core i5 11th Gen 156 HD Laptop","TBA"
"HP 15s-fq5886TU Core i5 12th Gen 156 FHD Laptop","TBA"
"HP 240 G8 Core i5 11th Gen 14 FHD Laptop","TBA"
"HP 250 G8 Core i5 11th Gen 156 FHD Laptop","TBA"
"HP ProBook 440 G8 Core i3 11th Gen 14 FHD Laptop","TBA"
"HP ProBook 445 G8 Ryzen 3 5400U 14 FHD Laptop","TBA"
"Lenovo IdeaPad 3 Ryzen 5 5500U 156 FHD Laptop","TBA"
"Lenovo IdeaPad 3 Ryzen 7 5700U 14 FHD Laptop with Windows 11","TBA"
"Lenovo IdeaPad Slim 3i Core i5 11th Gen 14 FHD Laptop","TBA"
"Xiaomi RedmiBook Pro 14 Ryzen 5 5500U 14 Laptop","TBA"
"Xiaomi RedmiBook Pro 14 Ryzen 7 5700U 14 Laptop","TBA"
"Asus VivoBook 14 X1400EA Core i5 11th Gen 14 FHD Laptop","TBA"
"ASUS VivoBook 15 X515EA Core i5 11th Gen 8 GB RAM 156 FHD Laptop","TBA"
"HP 14s-dq5445TU Core i5 12th Gen 14 FHD Laptop","TBA"
"HP 15s-du3039TX Core i5 11th Gen MX450 2GB Graphics 156 FHD Laptop","TBA"
"HP 15s-du3562TU Core i7 11th Gen 156 FHD Laptop","TBA"
"HP 15s-du3787TX Core i5 11th Gen 156 FHD Laptop","TBA"
"HP 15s-eq3334AU Ryzen 7 5825U 156 FHD Laptop","TBA"
"HP 15s-fq5489TU Core i5 12th Gen 156 FHD Laptop","TBA"
"HP 15s-fq5620TU Core i5 12th Gen 156 FHD Laptop","TBA"
"HP Pavilion 13-bb0787TU Core i5 11th Gen 133 FHD Laptop","TBA"
"HP Pavilion 14-dv1234TU Core i5 11th Gen 14 FHD Laptop","TBA"
"HP Pavilion 15-eg1678TU Core i5 11th Gen 156 FHD Laptop","TBA"
"HP Pavilion 15-eg2586TU Core i5 12th Gen 156 FHD Laptop","TBA"
"HP Pavilion 15-eg2786TU Core i5 12th Gen 156 FHD Laptop","TBA"
"HP Pavilion 15-eh1890AU Ryzen 5 5500U 156 FHD Laptop","TBA"
"HP ProBook 445 G8 Ryzen 5 5600U 14 FHD Laptop","TBA"
"Huawei MateBook D14 Core i5 11th Gen 14 FHD Laptop","TBA"
"Lenovo IdeaPad 3 15ALC6 AMD Ryzen 7 5700U 156 FHD Laptop With WiFi 6","TBA"
"Lenovo IdeaPad Slim 5i Core i5 11th Gen 512GB SSD MX450 2GB Graphics 14 FHD Laptop","TBA"
"Lenovo ThinkBook 14 Gen 2 ITL Core i5 11th Gen 512GB 14 FHD Laptop","TBA"
"Acer Swift Go 14 SFG14-41 Ryzen 5 7530U 14 FHD Laptop","TBA"
"Acer Swift Go 14 SFG14-41-R3FA Ryzen 5 7530U 14 FHD Laptop","TBA"
"Asus ExpertBook B1 B1500CEPE Core i5 11th Gen MX330 2GB Graphics 156 FHD Laptop","TBA"
"Asus TUF Gaming A15 FA506IHRB Ryzen 5 4600H GTX 1650 4GB Graphics 156 FHD Gaming Laptop","TBA"
"Asus TUF Gaming F15 FX506LHB Core i5 10th Gen GTX 1650 4GB Graphics 156 FHD Gaming Laptop","TBA"
"ASUS VivoBook 14 X1402ZA Core i5 12th Gen 14 FHD Laptop","88000"
"ASUS VivoBook 15 X1502ZA Core i5 12th Gen 156 FHD Laptop","TBA"
"Asus VivoBook S15 S533EQ Core i5 11th Gen MX350 2GB Graphics 156 FHD Laptop With Windows 11","TBA"
"HP 14s-dq5545TU Core i7 12th Gen 14 FHD Laptop","TBA"
"HP 15s-eq2335AU Ryzen 7 5700U 156 FHD Laptop","TBA"
"HP 15s-fq5986TU Core i7 12th Gen 156 FHD Laptop","TBA"
"HP Pavilion 15-eg1043TX Core i5 11th Gen MX450 2GB Graphics 156 FHD Laptop","TBA"
"HP Pavilion 15-eg2073TU Core i5 12th Gen 156 FHD Laptop","TBA"
"HP Pavilion 15-eg2074TU Core i5 12th Gen 156 FHD Laptop","TBA"
"HP Pavilion 15-eh1678AU Ryzen 7 5700U 156 FHD Laptop","TBA"
"HP Pavilion x360 Convertible 14-dy1290TU Core i5 11th Gen 14 FHD Touch Laptop","TBA"
"HP ProBook 450 G9 Core i5 12th Gen 156 FHD Laptop with Windows 11","TBA"
"Lenovo IdeaPad Flex 5 AMD Ryzen 5 5500U 14 FHD Touch Laptop","TBA"
"Lenovo IdeaPad Gaming 3 15ACH6 Ryzen 5 5600H RTX 3050 4GB Graphics 156 FHD Laptop","TBA"
"Lenovo ThinkPad E14 Gen 2 Core i5 11th Gen 14 FHD Laptop","TBA"
"Acer Aspire 5 A515-57G Core i5 12th Gen RTX 2050 4GB Graphics 156 FHD Gaming Laptop","TBA"
"Acer Swift 3 SF314-52-532A Core i5 12th Gen 14 QHD Laptop","TBA"
"Asus ExpertBook B1 B1400CEAE Core i7 11th Gen 14 FHD Laptop","TBA"
"Asus ExpertBook B3 Flip B3402FEA Core i7 16gb Ram 14-inch 400 Nits 360° FHD Touch Laptop","TBA"
"ASUS ExpertBook B5 B5302CEA Core i5 11th Gen 133 FHD Laptop","TBA"
"ASUS TUF Gaming F15 FX506HF Core i5 11th Gen RTX 2050 4GB Graphics 156 FHD Gaming Laptop","TBA"
"Asus VivoBook 15 OLED K513EQ Core i5 11th Gen MX350 2GB Graphics 156 FHD Laptop","TBA"
"Asus ZenBook 14 UX425EA Intel Core i5 1135G7 11th Gen 14 FHD WV Laptop","109000"
"GIGABYTE G5 GD Core i5 11th Gen RTX 3050 4GB Graphics 156 FHD Gaming Laptop","TBA"
"HP 14s-dq4678TU Core i7 11th Gen 14 FHD Laptop","97000"
"HP 15s-du3520TX Core i7 11th Gen MX450 2GB Graphics 156 FHD Laptop","TBA"
"HP Pavilion 15-eg2072tu Core i7 12th Gen 156 FHD Laptop","TBA"
"HP Pavilion 15-eg2444TX Core i5 12th Gen 156 FHD Laptop","TBA"
"HP Victus 15-fb0118AX Ryzen 5 5600H GTX 1650 4GB Graphics 156 FHD 144Hz Gaming Laptop","TBA"
"Lenovo IdeaPad Flex 5 Ryzen 7 5700U 14 FHD Touch Laptop","TBA"
"Lenovo IdeaPad Gaming 3 15ACH6 Ryzen 5 5600H RTX 3050 4GB Graphics 156 FHD Laptop","TBA"
"Lenovo IdeaPad Gaming 3i Core i5 11th Gen GTX1650 4GB Graphics 156 FHD Laptop","TBA"
"Lenovo IdeaPad Gaming 3i Core i5 11th Gen RTX 3050 4GB Graphics 156 FHD Laptop","TBA"
"Lenovo IdeaPad Slim 5i Core i5 12th Gen MX550 2GB Graphics 156 FHD Laptop","TBA"
"Xiaomi Mi NoteBook Ultra Core i7 11th Gen 156 32K Display Laptop","TBA"
"Acer Aspire 7 A715-51G Core i5 12th Gen RTX 3050 4GB Graphics 156 FHD Gaming Laptop","TBA"
"Acer Nitro 5 AN515-46-R3U8 Ryzen 5 6600H RTX 3050 4GB Graphics 156 QHD 165Hz Gaming Laptop","TBA"
"Acer Nitro 5 AN515-58-58TZ Core i5 12th Gen RTX 3050 4GB Graphics 156 FHD 144Hz Gaming Laptop","TBA"
"ASUS ExpertBook B5 Flip B5302FEA Core i7 11th Gen 133 FHD OLED Touch Laptop","TBA"
"Asus TUF Gaming A15 FA506ICB Ryzen 7 4800H RTX 3050 4GB Graphics 156 FHD Gaming Laptop","TBA"
"ASUS TUF Gaming F15 FA507RF Ryzen 7 6800HS RTX 2050 4GB Graphics 156 FHD Gaming Laptop","TBA"
"Asus VivoBook 14 K413EQ Core i7 11th Gen 14 FHD Laptop","TBA"
"Asus VivoBook 15 K513EQ Core i7 11th Gen 156 FHD Laptop with Windows 11","TBA"
"Asus VivoBook 15 K513EQ Core i7 11th Gen 156 OLED FHD Laptop","TBA"
"ASUS VivoBook Pro 15 K3500PH Core i5 11th Gen GTX 1650 MAX-Q 4GB Graphics 156 FHD Laptop With Windows 11","TBA"
"GIGABYTE G5 GE Core i5 12th Gen RTX 3050 4GB Graphics 156'' FHD 144Hz Gaming Laptop","TBA"
"HP ENVY x360 Convert 13-ay1123AU Ryzen 7 5800U 133 FHD Touch Laptop","TBA"
"HP Pavilion Gaming 15-dk2456TX Core i5 11th RTX 3050 4GB Graphics 156 FHD 144Hz Gaming Laptop","TBA"
"HP ProBook 440 G8 Core i7 11th Gen 16GB RAM 14 FHD Laptop","TBA"
"HP ProBook 440 G9 Core i7 12th Gen 14 FHD Laptop","TBA"
"HP Victus 15-fa0163TX Core i5 12th Gen RTX 3050 4GB Graphics 156 FHD 144Hz Gaming Laptop","TBA"
"Lenovo IdeaPad Flex 5i Core i5 12th Gen 14 360° WUXGA Touch Laptop","TBA"
"Lenovo ThinkPad L14 Gen 3 Core i5 12th Gen 14 FHD Business Laptop","TBA"
"Lenovo ThinkPad L14 Gen 3 Core i7 12th Gen 14 FHD Business Laptop","TBA"
"Machenike L15 Core i5 12th Gen RTX 3050 Ti 4GB Graphics 156 FHD 144Hz Gaming Laptop","TBA"
"Acer Nitro 5 AN515-45-R7BF Ryzen 5 16GB RAM 256GB SSD RTX 3060 6GB Graphics 156 FHD 144Hz Gaming Laptop","TBA"
"Acer Nitro 5 AN515-58-79MU Core i7 12th Gen RTX 3050Ti 4GB Graphics 156 FHD 144Hz Gaming Laptop","TBA"
"Acer Predator Helios 300 PH315-54-736E Core i7 11th Gen RTX 3050 Ti 4GB Graphics 156 QHD 165Hz Gaming Laptop","TBA"
"ASUS TUF Gaming F15 FX506HC Core i7 11th Gen RTX 3050 4GB Graphics 156 Gaming Laptop with Windows 11","TBA"
"ASUS TUF Gaming F15 FX506HE Core i7 11th Gen RTX 3050Ti 4GB Graphics 156 FHD Gaming Laptop","TBA"
"Asus TUF Gaming F15 FX507ZC Core i7 12th Gen RTX 3050 4GB Graphics 156 FHD Gaming Laptop","TBA"
"Asus Vivobook Pro 16X OLED N7600PC Core i7 11th Gen RTX3050 4GB Graphics 16 4K Gaming Laptop","TBA"
"Asus Vivobook S 16X S5602ZA Core i5 12th Gen 16 WQXGA Display Laptop","TBA"
"Asus ZenBook 14 OLED UX3402ZA Core i7 14 3K Laptop","TBA"
"ASUS Zenbook S 13 OLED UM5302TA-LX168W Ryzen 7 6800U 133 28K Touch Laptop","TBA"
"HP Envy x360 Convertible 13-bf0666TU Core i7 12th Gen 133 WQXGA Touch Laptop","139500"
"HP Pavilion Gaming 15-ec2908AX Ryzen 7 5800H RTX 3050 4GB Graphics 156 FHD 144Hz Laptop","TBA"
"HP Victus 15-fa0157TX Core i7 12th Gen RTX 3050 4GB Graphics 156 FHD 144Hz Gaming Laptop","TBA"
"HP Victus 16-d0445TX Core i7 11th Gen RTX 3050 4GB Graphics 161 FHD 144Hz Gaming Laptop","TBA"
"HP Victus 16-e0890AX Ryzen 7 5800H RTX 3050 4GB Graphics 161 FHD 144Hz Gaming Laptop","TBA"
"Lenovo IdeaPad Flex 5i Core i7 11th Gen MX450 2GB Graphics 14 FHD Touch Laptop with Windows 11 Home","TBA"
"Lenovo IdeaPad Slim 5i Pro Core i7 11th Gen 14 22K Laptop","TBA"
"Lenovo Yoga Slim 7i Pro Core i7 12th Gen MX550 2GB Graphics 14 28K Laptop","TBA"
"Samsung Galaxy Book2 360 Core i5 12th Gen 133 FHD AMOLED Touch Laptop","TBA"
"Samsung Galaxy Book2 Business Core i7 12th Gen 14 FHD Laptop","TBA"
"Acer Nitro 5 AN515-58-74EF Core i7 12th Gen RTX 3060 6GB Graphics 156 QHD 165Hz Gaming Laptop","TBA"
"Acer Predator Helios 300 PH315-54-77MK Core i7 11th Gen RTX 3060 6GB Graphics 156 QHD 165Hz Gaming Laptop","TBA"
"Acer Predator Helios 300 PH315-54-78C9 Core i7 11th Gen RTX 3070 8GB Graphics 156 FHD 300Hz Gaming Laptop","TBA"
"Acer Predator Helios Neo 16 PHN16-71 Core i7 13th Gen RTX 4050 6GB Graphics 16 165Hz Gaming Laptop","TBA"
"ASUS ROG FLOW Z13 GZ301ZE Core i9 12th Gen RTX 3050 Ti 4GB Graphics 134 Gaming Laptop","TBA"
"Asus TUF Dash F15 FX517ZE Core i7 12th Gen RTX 3050 4GB Graphics 156 FHD WV Gaming Laptop","TBA"
"ASUS TUF Gaming A15 FA507ZC Core i7 12th Gen RTX 3050 4GB Graphics 156 FHD Gaming Laptop","TBA"
"ASUS Vivobook Pro 15 OLED K6502ZE Core i7 RTX3050 Ti 4GB Graphics 156 3K Laptop","TBA"
"ASUS ZenBook Pro Duo 15 OLED UX582HM Core i7 11th Gen RTX 3060 6GB Graphics 156 4K Touch Dual Display Laptop","TBA"
"ASUS Zenbook S 13 Flip OLED UP5302ZA-LX155W Core i7 12th Gen 133 28K Touch Laptop","TBA"
"GIGABYTE AERO 5 KE4 Core i7 12th Gen RTX 3060 6GB Graphics 156'' 4K UHD OLED Gaming Laptop","TBA"
"GIGABYTE AORUS 15 XE4 Core i7 12th Gen RTX 3070 Ti 8GB Graphics 156'' FHD 165Hz Gaming Laptop","TBA"
"GIGABYTE AORUS 5 SE4 Core i7 12th Gen RTX 3070 8GB Graphics 156'' FHD 240Hz Gaming Laptop","TBA"
"Lenovo ThinkPad P14s Gen 2 Core i7 11th Gen T500 4GB Graphics Card 14 FHD Business Laptop","TBA"
"Lenovo YOGA 9i Core i7 12th Gen 14 28K OLED 360° Touch Laptop","TBA"
"Lenovo YOGA 9i Core i7 12th Gen 14 4K OLED 360° Touch Laptop","TBA"
"Lenovo Yoga Slim 7 Carbon 14ACN6 Ryzen 7 5800U MX450 2GB Graphics 14 28K OLED Display Laptop","TBA"
"Lenovo YOGA Slim 7i Carbon Core i7 11th Gen 133 Laptop","TBA"
"Lenovo YOGA Slim 7i Carbon Core i7 12th Gen 133 25K QHD Laptop","189000"
"Razer Blade 15 Advanced Model Core i7 11th Gen 16GB RAM RTX3070 8GB Graphics 156 FHD 360Hz Gaming Laptop","TBA"
"Acer TravelMate P214-53 Core i5 11th Gen 14 FHD Laptop","TBA"
"Apple MacBook Air 133-Inch Retina Display 8-core Apple M1 chip with 8GB RAM 256GB SSD (MGND3) Gold","TBA"
"Asus ExpertBook B1 B1500CEAE Core i3 11th Gen 8GB RAM 156 FHD Laptop","TBA"
"Asus ExpertBook B3 Flip B3402FEA Core i7 16gb Ram 14-inch 360° FHD Touch Laptop","115000"
"Asus ROG Strix SCAR 17 G733ZX Core i9 12th Gen RTX 3080 Ti 16GB Graphics 173 WQHD Gaming Laptop","TBA"
"ASUS VivoBook 14X X1403ZA Core i5 12th Gen 14 OLED Laptop","TBA"
"ASUS Zenbook Pro 16X OLED UX7602ZM-ME132W Core i9 12th Gen RTX 3060 6GB Graphics 16 4K Touch Laptop","TBA"
"Dell XPS 15 9520 Core i7 12th Gen RTX 3050 Ti 4GB Graphics 156 OLED 35K Touch Laptop","TBA"
"HP Pavilion x360 Convertible 14-ek0777TU Core i7 12th Gen 14 FHD 2-in-1 Touch Laptop","TBA"
"HP ProBook 450 G9 Core i5 12th Gen 156 FHD Laptop","TBA"
"HP SPECTRE X360 Convertible 14-e2027TU Core i7 13th Gen 135 WUXGA+ Touch Laptop","TBA"
"Lenovo IdeaPad Gaming 3i Core i7 11th Gen GTX 1650 4GB Graphics 156 FHD Laptop","TBA"
"Lenovo IdeaPad Slim 3i 15ITL6 Core i3 11th Gen 156 FHD Laptop","TBA"
"Lenovo IdeaPad Slim 3i Core i3 11th Gen 14 FHD Laptop","TBA"
"MSI Modern 15 A11MU Core i7 11th Gen 156 FHD Laptop","TBA"
"Razer Blade 15 Advanced Model Core i7 11th Gen RTX 3070 8GB Graphics 156 QHD Gaming Laptop","TBA"